﻿<?xml version="1.0" encoding="utf-8"?>
<UserData>
  <EditorApp>
    <Backups>true</Backups>
    <Autosaves>ThirtyMinutes</Autosaves>
    <FirstSession>false</FirstSession>
    <ActiveDocumentIndex>0</ActiveDocumentIndex>
    <StartWithLastScene>true</StartWithLastScene>
  </EditorApp>
  <Plugins>
    <Plugin id="CamView">
      <CamView id="0">
        <Perspective>Perspective</Perspective>
        <FocusDist>500</FocusDist>
        <RenderSetup>Default:RenderSetup:Default</RenderSetup>
        <BackgroundColor>
          <R>64</R>
          <G>64</G>
          <B>64</B>
          <A>0</A>
        </BackgroundColor>
        <SnapToGridSize>
          <X>0</X>
          <Y>0</Y>
          <Z>0</Z>
        </SnapToGridSize>
        <ActiveState>Duality.Editor.Plugins.CamView.CamViewStates.SceneEditorCamViewState</ActiveState>
        <States>
          <State type="Duality.Editor.Plugins.CamView.CamViewStates.GameViewCamViewState">
            <SpecialRenderSize>CamView</SpecialRenderSize>
            <RecentRenderSizes />
          </State>
          <State type="Duality.Editor.Plugins.CamView.CamViewStates.RigidBodyEditorCamViewState">
            <ActiveLayers>
              <Item>Duality.Editor.Plugins.CamView.CamViewLayers.GridCamViewLayer</Item>
              <Item>Duality.Editor.Plugins.CamView.CamViewLayers.RigidBodyJointCamViewLayer</Item>
              <Item>Duality.Editor.Plugins.CamView.CamViewLayers.RigidBodyShapeCamViewLayer</Item>
              <Item>Duality.Editor.Plugins.CamView.CamViewLayers.BackPlateCamViewLayer</Item>
            </ActiveLayers>
            <ObjectVisibility>
              <Item>Duality.Components.Physics.RigidBody</Item>
            </ObjectVisibility>
          </State>
          <State type="Duality.Editor.Plugins.CamView.CamViewStates.SceneEditorCamViewState">
            <ActiveLayers>
              <Item>Duality.Editor.Plugins.CamView.CamViewLayers.GridCamViewLayer</Item>
            </ActiveLayers>
          </State>
        </States>
      </CamView>
    </Plugin>
    <Plugin id="LogView">
      <LogView>
        <ShowMessages>true</ShowMessages>
        <ShowWarnings>true</ShowWarnings>
        <ShowErrors>true</ShowErrors>
        <ShowCore>true</ShowCore>
        <ShowEditor>true</ShowEditor>
        <ShowGame>true</ShowGame>
        <AutoClear>true</AutoClear>
        <PauseOnError>true</PauseOnError>
      </LogView>
    </Plugin>
    <Plugin id="ObjectInspector">
      <ObjectInspector id="0">
        <AutoRefresh>true</AutoRefresh>
        <Locked>false</Locked>
        <TitleText>Object Inspector</TitleText>
        <DebugMode>false</DebugMode>
        <SortByName>true</SortByName>
        <ExpandState>
          <ExpandedNodes>
            <NodeID>PropertiesDuality.Resources.VertexShader/VertexShaderDuality.Resources.VertexShader/</NodeID>
            <NodeID>PropertiesDuality.Resources.VertexShader/Import / Export SettingsDuality.Resources.VertexShader/</NodeID>
            <NodeID>PropertiesDuality.Resources.Pixmap/PixmapDuality.Resources.Pixmap/</NodeID>
            <NodeID>PropertiesDuality.Resources.Pixmap/PixmapDuality.Resources.Pixmap/PixmapDuality.Resources.Pixmap/</NodeID>
            <NodeID>PropertiesDuality.Resources.Pixmap/Import / Export SettingsDuality.Resources.Pixmap/</NodeID>
            <NodeID>PropertiesDuality.Resources.Texture/TextureDuality.Resources.Texture/</NodeID>
            <NodeID>PropertiesDuality.Resources.Texture/TextureDuality.Resources.Texture/TextureDuality.Resources.Texture/</NodeID>
            <NodeID>PropertiesDuality.Resources.Material/MaterialDuality.Resources.Material/</NodeID>
            <NodeID>PropertiesDuality.Resources.Material/MaterialDuality.Resources.Material/Duality.Drawing.BatchInfo/</NodeID>
          </ExpandedNodes>
        </ExpandState>
      </ObjectInspector>
    </Plugin>
    <Plugin id="SceneView">
      <SceneView>
        <ShowComponents>true</ShowComponents>
      </SceneView>
    </Plugin>
  </Plugins>
</UserData>
<!-- DockPanel Data -->
<?xml version="1.0" encoding="utf-8"?>
<!--DockPanel configuration file. Author: Weifen Luo, all rights reserved.-->
<!--!!! AUTOMATICALLY GENERATED FILE. DO NOT MODIFY !!!-->
<DockPanel FormatVersion="1.0" DockLeftPortion="0.25" DockRightPortion="0.440885416666667" DockTopPortion="0.25" DockBottomPortion="0.25" ActiveDocumentPane="7" ActivePane="-1">
  <Contents Count="6">
    <Content ID="0" PersistString="Duality.Editor.Plugins.CamView.CamView" AutoHidePortion="0.25" IsHidden="False" IsFloat="False" />
    <Content ID="1" PersistString="Duality.Editor.Plugins.ProjectView.ProjectFolderView" AutoHidePortion="0.440885416666667" IsHidden="False" IsFloat="False" />
    <Content ID="2" PersistString="Duality.Editor.Plugins.SceneView.SceneView" AutoHidePortion="0.440885416666667" IsHidden="False" IsFloat="False" />
    <Content ID="3" PersistString="Duality.Editor.Plugins.ObjectInspector.ObjectInspector" AutoHidePortion="0.440885416666667" IsHidden="False" IsFloat="False" />
    <Content ID="4" PersistString="Duality.Editor.Plugins.HelpAdvisor.HelpAdvisor" AutoHidePortion="0.440885416666667" IsHidden="False" IsFloat="False" />
    <Content ID="5" PersistString="Duality.Editor.Plugins.LogView.LogView" AutoHidePortion="0.25" IsHidden="False" IsFloat="False" />
  </Contents>
  <Panes Count="8">
    <Pane ID="0" DockState="DockRight" ActiveContent="2">
      <Contents Count="1">
        <Content ID="0" RefID="2" />
      </Contents>
    </Pane>
    <Pane ID="1" DockState="Float" ActiveContent="-1">
      <Contents Count="2">
        <Content ID="0" RefID="1" />
        <Content ID="1" RefID="3" />
      </Contents>
    </Pane>
    <Pane ID="2" DockState="DockRight" ActiveContent="1">
      <Contents Count="1">
        <Content ID="0" RefID="1" />
      </Contents>
    </Pane>
    <Pane ID="3" DockState="DockRight" ActiveContent="3">
      <Contents Count="1">
        <Content ID="0" RefID="3" />
      </Contents>
    </Pane>
    <Pane ID="4" DockState="DockRight" ActiveContent="4">
      <Contents Count="1">
        <Content ID="0" RefID="4" />
      </Contents>
    </Pane>
    <Pane ID="5" DockState="DockBottomAutoHide" ActiveContent="5">
      <Contents Count="1">
        <Content ID="0" RefID="5" />
      </Contents>
    </Pane>
    <Pane ID="6" DockState="Float" ActiveContent="-1">
      <Contents Count="1">
        <Content ID="0" RefID="0" />
      </Contents>
    </Pane>
    <Pane ID="7" DockState="Document" ActiveContent="0">
      <Contents Count="1">
        <Content ID="0" RefID="0" />
      </Contents>
    </Pane>
  </Panes>
  <DockWindows>
    <DockWindow ID="0" DockState="Document" ZOrderIndex="0">
      <NestedPanes Count="1">
        <Pane ID="0" RefID="7" PrevPane="-1" Alignment="Right" Proportion="0.5" />
      </NestedPanes>
    </DockWindow>
    <DockWindow ID="1" DockState="DockLeft" ZOrderIndex="3">
      <NestedPanes Count="0" />
    </DockWindow>
    <DockWindow ID="2" DockState="DockRight" ZOrderIndex="1">
      <NestedPanes Count="4">
        <Pane ID="0" RefID="0" PrevPane="-1" Alignment="Bottom" Proportion="0.5" />
        <Pane ID="1" RefID="3" PrevPane="0" Alignment="Right" Proportion="0.5" />
        <Pane ID="2" RefID="2" PrevPane="0" Alignment="Bottom" Proportion="0.5" />
        <Pane ID="3" RefID="4" PrevPane="3" Alignment="Top" Proportion="0.238904955880724" />
      </NestedPanes>
    </DockWindow>
    <DockWindow ID="3" DockState="DockTop" ZOrderIndex="4">
      <NestedPanes Count="0" />
    </DockWindow>
    <DockWindow ID="4" DockState="DockBottom" ZOrderIndex="2">
      <NestedPanes Count="1">
        <Pane ID="0" RefID="5" PrevPane="-1" Alignment="Right" Proportion="0.5" />
      </NestedPanes>
    </DockWindow>
  </DockWindows>
  <FloatWindows Count="2">
    <FloatWindow ID="0" Bounds="550, 595, 300, 300" ZOrderIndex="0">
      <NestedPanes Count="1">
        <Pane ID="0" RefID="1" PrevPane="-1" Alignment="Right" Proportion="0.5" />
      </NestedPanes>
    </FloatWindow>
    <FloatWindow ID="1" Bounds="84, 141, 699, 429" ZOrderIndex="1">
      <NestedPanes Count="1">
        <Pane ID="0" RefID="6" PrevPane="-1" Alignment="Right" Proportion="0.5" />
      </NestedPanes>
    </FloatWindow>
  </FloatWindows>
</DockPanel>